{
  "base_accuracy": 0.0545,
  "base_average_brier": 0.9749944200006175,
  "base_average_nll": 3.864673972664171,
  "base_cumulative_nll": 15458.695890656683,
  "calibration_csv": "experiments/calibrated_dgm_results/calibration.csv",
  "final_weights": {
    "0": 0.0,
    "0.05": 0.0,
    "0.1": 0.0,
    "0.2": 0.0,
    "0.4": 0.0,
    "0.7": 1.0,
    "1": 7.301674054193878e-93
  },
  "fixed_half_accuracy": 0.24575,
  "fixed_half_average_nll": 2.894508009028448,
  "fixed_half_cumulative_nll": 11578.032036113791,
  "fixed_half_excess_over_base": -3880.6638545428923,
  "hedge_accuracy": 0.2425,
  "hedge_average_brier": 0.8664766484299364,
  "hedge_average_nll": 2.76292460189049,
  "hedge_cumulative_nll": 11051.698407561958,
  "hedge_excess_over_base": -4406.997483094725,
  "lambda_grid": [
    0.0,
    0.05,
    0.1,
    0.2,
    0.4,
    0.7,
    1.0
  ],
  "log_grid_size": 1.9459101490553132,
  "max_no_harm_violation": -1.7187854692693827,
  "memory_only_accuracy": 0.242,
  "memory_only_average_nll": 2.815476201854247,
  "memory_only_cumulative_nll": 11261.904807416988,
  "memory_only_excess_over_base": -4196.791083239696,
  "n_contexts": 16,
  "overconfident_memory_accuracy": 0.2415,
  "overconfident_memory_average_nll": 5.173100897694046,
  "overconfident_memory_cumulative_nll": 20692.403590776183,
  "overconfident_memory_excess_over_base": 5233.707700119499,
  "seed": 0,
  "t_steps": 4000,
  "vocab_size": 64
}