{
  "CIFAR10": {
    "dataset": "CIFAR10",
    "device": "mps",
    "encoder_epochs": 30,
    "encoder_train_seconds": 77.24170170817524,
    "episodes": 5,
    "pool_embed_seconds": 0.2361897500231862,
    "pretrain_per_class": 4000,
    "quick": false,
    "results": {
      "10_shot": {
        "dgm_acc_mean": 0.7374000072479248,
        "dgm_acc_std": 0.012439931999713393,
        "dgm_adapter_seconds_mean": 0.0019128082785755396,
        "dgm_adapter_seconds_std": 0.0001452597568045014,
        "dgm_ridge_acc_mean": 0.704479992389679,
        "dgm_ridge_acc_std": 0.015998301491425775,
        "dgm_ridge_seconds_mean": 0.0010822916869074107,
        "dgm_ridge_seconds_std": 0.0008462163870877635,
        "online_head_acc_mean": 0.21247999668121337,
        "online_head_acc_std": 0.016175341311525905,
        "online_head_seconds_mean": 0.0006171997636556625,
        "online_head_seconds_std": 7.862181861684942e-05,
        "shots": 10.0,
        "tuned_head_acc_mean": 0.7751600027084351,
        "tuned_head_acc_std": 0.006099700832377194,
        "tuned_head_seconds_mean": 0.0343192168045789,
        "tuned_head_seconds_std": 0.001178371757666667
      },
      "1_shot": {
        "dgm_acc_mean": 0.6400800108909607,
        "dgm_acc_std": 0.02935537759659604,
        "dgm_adapter_seconds_mean": 0.0015263671055436134,
        "dgm_adapter_seconds_std": 0.00014259342035398875,
        "dgm_ridge_acc_mean": 0.6291599869728088,
        "dgm_ridge_acc_std": 0.03592578747838143,
        "dgm_ridge_seconds_mean": 0.0005236671771854162,
        "dgm_ridge_seconds_std": 0.00014707483571073086,
        "online_head_acc_mean": 0.21872000098228456,
        "online_head_acc_std": 0.020375907729176156,
        "online_head_seconds_mean": 0.0005560331977903843,
        "online_head_seconds_std": 6.917816399429527e-05,
        "shots": 1.0,
        "tuned_head_acc_mean": 0.6479200124740601,
        "tuned_head_acc_std": 0.029352099414950532,
        "tuned_head_seconds_mean": 0.033363433368504045,
        "tuned_head_seconds_std": 0.0008973128308830129
      },
      "5_shot": {
        "dgm_acc_mean": 0.7110000014305115,
        "dgm_acc_std": 0.013087406186541037,
        "dgm_adapter_seconds_mean": 0.001781000243499875,
        "dgm_adapter_seconds_std": 0.00012484208728501852,
        "dgm_ridge_acc_mean": 0.6860000014305114,
        "dgm_ridge_acc_std": 0.02957214237070336,
        "dgm_ridge_seconds_mean": 0.000526358187198639,
        "dgm_ridge_seconds_std": 4.6215060559312994e-05,
        "online_head_acc_mean": 0.20879999697208404,
        "online_head_acc_std": 0.017378607513583486,
        "online_head_seconds_mean": 0.0005592913366854191,
        "online_head_seconds_std": 3.662544112313033e-05,
        "shots": 5.0,
        "tuned_head_acc_mean": 0.7587199926376342,
        "tuned_head_acc_std": 0.01203102705057253,
        "tuned_head_seconds_mean": 0.03466015001758933,
        "tuned_head_seconds_std": 0.0013601764604553592
      }
    },
    "support_pool_per_class": 500,
    "test_embed_seconds": 0.1483647918794304,
    "test_per_class": 500
  },
  "MNIST": {
    "dataset": "MNIST",
    "device": "mps",
    "encoder_epochs": 8,
    "encoder_train_seconds": 7.969452917110175,
    "episodes": 5,
    "pool_embed_seconds": 0.11779287504032254,
    "pretrain_per_class": 2000,
    "quick": false,
    "results": {
      "10_shot": {
        "dgm_acc_mean": 0.9836400032043457,
        "dgm_acc_std": 0.0008138869305070563,
        "dgm_adapter_seconds_mean": 0.0016429163981229067,
        "dgm_adapter_seconds_std": 0.00012673480290421453,
        "dgm_ridge_acc_mean": 0.9808799982070923,
        "dgm_ridge_acc_std": 0.0021562867159881996,
        "dgm_ridge_seconds_mean": 0.0005848832428455353,
        "dgm_ridge_seconds_std": 9.55496877859224e-05,
        "online_head_acc_mean": 0.2597599983215332,
        "online_head_acc_std": 0.04380454612812952,
        "online_head_seconds_mean": 0.000432533398270607,
        "online_head_seconds_std": 3.62951492648664e-05,
        "shots": 10.0,
        "tuned_head_acc_mean": 0.9842400074005127,
        "tuned_head_acc_std": 0.0007525905082094892,
        "tuned_head_seconds_mean": 0.03453325000591576,
        "tuned_head_seconds_std": 0.0006805391581609508
      },
      "1_shot": {
        "dgm_acc_mean": 0.9498799920082093,
        "dgm_acc_std": 0.02726128262198701,
        "dgm_adapter_seconds_mean": 0.001309408200904727,
        "dgm_adapter_seconds_std": 0.00015893214080379693,
        "dgm_ridge_acc_mean": 0.9613199949264526,
        "dgm_ridge_acc_std": 0.006460468489611124,
        "dgm_ridge_seconds_mean": 0.00044633327051997186,
        "dgm_ridge_seconds_std": 0.00010311383254934778,
        "online_head_acc_mean": 0.2538399964570999,
        "online_head_acc_std": 0.03092918255916349,
        "online_head_seconds_mean": 0.00046727517619729044,
        "online_head_seconds_std": 6.785645416666601e-05,
        "shots": 1.0,
        "tuned_head_acc_mean": 0.9513200044631958,
        "tuned_head_acc_std": 0.027874754460346762,
        "tuned_head_seconds_mean": 0.03439401658251882,
        "tuned_head_seconds_std": 0.0007843647197108456
      },
      "5_shot": {
        "dgm_acc_mean": 0.98231999874115,
        "dgm_acc_std": 0.0005741011107748879,
        "dgm_adapter_seconds_mean": 0.0014205752406269312,
        "dgm_adapter_seconds_std": 3.965818475539742e-05,
        "dgm_ridge_acc_mean": 0.979039990901947,
        "dgm_ridge_acc_std": 0.0022105115573549778,
        "dgm_ridge_seconds_mean": 0.00042497501708567144,
        "dgm_ridge_seconds_std": 2.6766429282270587e-05,
        "online_head_acc_mean": 0.2550000011920929,
        "online_head_acc_std": 0.041622493160563094,
        "online_head_seconds_mean": 0.00045809163711965086,
        "online_head_seconds_std": 6.475976047787522e-05,
        "shots": 5.0,
        "tuned_head_acc_mean": 0.9837599992752075,
        "tuned_head_acc_std": 0.0007088057317262539,
        "tuned_head_seconds_mean": 0.03384206681512296,
        "tuned_head_seconds_std": 0.0004177380579147557
      }
    },
    "support_pool_per_class": 500,
    "test_embed_seconds": 0.05713112489320338,
    "test_per_class": 500
  },
  "device": "mps",
  "protocol": "Shared frozen encoder. Compare DGM few-shot memory with one-pass and multi-epoch backprop heads on support embeddings."
}