{
  "datasets": {
    "CIFAR10": {
      "backprop": {
        "concepts_mean": 0.0,
        "concepts_std": 0.0,
        "eval_seconds_mean": 1.3666226394319285,
        "eval_seconds_std": 0.44567747838201116,
        "memory_bytes_mean": 0.0,
        "memory_bytes_std": 0.0,
        "memory_examples_seen_mean": 0.0,
        "memory_examples_seen_std": 0.0,
        "test_accuracy_mean": 0.6781999866167704,
        "test_accuracy_std": 0.013146346949458394,
        "test_nll_mean": 0.9000277717908224,
        "test_nll_std": 0.02996955631003009,
        "train_prequential_accuracy_mean": 0.5717366536458334,
        "train_prequential_accuracy_std": 0.002908499566268026,
        "train_prequential_nll_mean": 1.1703964869181316,
        "train_prequential_nll_std": 0.010379540653424111,
        "train_seconds_mean": 67.96970645873807,
        "train_seconds_std": 23.81419662237626
      },
      "epochs": 4,
      "full_dgm": {
        "concepts_mean": 512.0,
        "concepts_std": 0.0,
        "eval_seconds_mean": 101.0334177640422,
        "eval_seconds_std": 14.97347604862303,
        "memory_bytes_mean": 25858560.0,
        "memory_bytes_std": 0.0,
        "memory_examples_seen_mean": 50000.0,
        "memory_examples_seen_std": 0.0,
        "test_accuracy_mean": 0.7053666710853577,
        "test_accuracy_std": 0.00519378378265919,
        "test_nll_mean": 0.8316159645716349,
        "test_nll_std": 0.010633456895133484,
        "train_prequential_accuracy_mean": 0.5794349908828735,
        "train_prequential_accuracy_std": 0.004488914966151382,
        "train_prequential_nll_mean": 1.1595200697580974,
        "train_prequential_nll_std": 0.01330685372489435,
        "train_seconds_mean": 347.36018391675316,
        "train_seconds_std": 48.54833245800842
      },
      "test_examples": 10000,
      "train_examples": 50000
    }
  },
  "device": "mps",
  "hyperparameters": {
    "batch_size": 256,
    "create_threshold": 0.72,
    "device_requested": "mps",
    "embedding_dim": 128,
    "epochs_override": 4,
    "full_dgm_buffer_size": 96,
    "full_dgm_max_concepts": 512,
    "full_dgm_max_splits_per_batch": 4,
    "full_dgm_min_buffer": 32,
    "full_dgm_min_child": 6,
    "full_dgm_split_penalty": 3.0,
    "full_dgm_top_k": 8,
    "lr": 0.001,
    "memory_temperature": 0.18,
    "memory_update": "exact",
    "memory_weight": 0.6,
    "slots_per_class": 16,
    "test_per_class_override": null,
    "train_per_class_override": null,
    "weight_decay": 0.0001
  },
  "methods": [
    "backprop",
    "full_dgm"
  ],
  "mps_available": true,
  "mps_built": true,
  "protocol": "Real supervised training benchmark. Backprop uses a CNN encoder plus softmax head. DGM-memory uses the same slow CNN and head, plus a detached online concept-memory read before each label is observed; concept memory is rebuilt from the training set for test evaluation.",
  "quick": false,
  "runs": [
    {
      "batch_size": 256,
      "concepts": 0,
      "dataset": "CIFAR10",
      "device": "mps",
      "epochs": 4,
      "eval_seconds": 0.8901013750582933,
      "memory_bytes": 0,
      "memory_examples_seen": 0,
      "method": "backprop",
      "seed": 0,
      "test_accuracy": 0.6941999793052673,
      "test_examples": 10000,
      "test_nll": 0.8641635775566101,
      "train_examples": 50000,
      "train_prequential_accuracy": 0.5718799829483032,
      "train_prequential_nll": 1.1714285612106323,
      "train_seconds": 36.94046270893887
    },
    {
      "batch_size": 256,
      "concepts": 512,
      "dataset": "CIFAR10",
      "device": "mps",
      "epochs": 4,
      "eval_seconds": 114.53191000013612,
      "memory_bytes": 25858560,
      "memory_examples_seen": 50000,
      "method": "full_dgm",
      "seed": 0,
      "test_accuracy": 0.7114999890327454,
      "test_examples": 10000,
      "test_nll": 0.8209621906280518,
      "train_examples": 50000,
      "train_prequential_accuracy": 0.5775600075721741,
      "train_prequential_nll": 1.1641337871551514,
      "train_seconds": 384.4358292091638
    },
    {
      "batch_size": 256,
      "concepts": 0,
      "dataset": "CIFAR10",
      "device": "mps",
      "epochs": 4,
      "eval_seconds": 1.9621482091024518,
      "memory_bytes": 0,
      "memory_examples_seen": 0,
      "method": "backprop",
      "seed": 1,
      "test_accuracy": 0.6783999800682068,
      "test_examples": 10000,
      "test_nll": 0.8984001874923706,
      "train_examples": 50000,
      "train_prequential_accuracy": 0.5681049823760986,
      "train_prequential_nll": 1.1825612783432007,
      "train_seconds": 94.82291137520224
    },
    {
      "batch_size": 256,
      "concepts": 512,
      "dataset": "CIFAR10",
      "device": "mps",
      "epochs": 4,
      "eval_seconds": 108.41394545813091,
      "memory_bytes": 25858560,
      "memory_examples_seen": 50000,
      "method": "full_dgm",
      "seed": 1,
      "test_accuracy": 0.6988000273704529,
      "test_examples": 10000,
      "test_nll": 0.8461340665817261,
      "train_examples": 50000,
      "train_prequential_accuracy": 0.5751199722290039,
      "train_prequential_nll": 1.1730133295059204,
      "train_seconds": 378.8669241250027
    },
    {
      "batch_size": 256,
      "concepts": 0,
      "dataset": "CIFAR10",
      "device": "mps",
      "epochs": 4,
      "eval_seconds": 1.2476183341350406,
      "memory_bytes": 0,
      "memory_examples_seen": 0,
      "method": "backprop",
      "seed": 2,
      "test_accuracy": 0.6620000004768372,
      "test_examples": 10000,
      "test_nll": 0.9375195503234863,
      "train_examples": 50000,
      "train_prequential_accuracy": 0.5752249956130981,
      "train_prequential_nll": 1.1571996212005615,
      "train_seconds": 72.14574529207312
    },
    {
      "batch_size": 256,
      "concepts": 512,
      "dataset": "CIFAR10",
      "device": "mps",
      "epochs": 4,
      "eval_seconds": 80.15439783385955,
      "memory_bytes": 25858560,
      "memory_examples_seen": 50000,
      "method": "full_dgm",
      "seed": 2,
      "test_accuracy": 0.7057999968528748,
      "test_examples": 10000,
      "test_nll": 0.827751636505127,
      "train_examples": 50000,
      "train_prequential_accuracy": 0.5856249928474426,
      "train_prequential_nll": 1.1414130926132202,
      "train_seconds": 278.777798416093
    }
  ],
  "seeds": [
    0,
    1,
    2
  ],
  "torch_version": "2.11.0"
}