{
  "CIFAR10": {
    "dataset": "CIFAR10",
    "device": "mps",
    "encoder_epochs": 5,
    "encoder_train_seconds": 3.197630666894838,
    "episodes": 2,
    "pool_embed_seconds": 0.10261758416891098,
    "pretrain_per_class": 400,
    "quick": true,
    "results": {
      "1_shot": {
        "dgm_acc_mean": 0.33249999582767487,
        "dgm_acc_std": 0.0034999996423721313,
        "dgm_adapter_seconds_mean": 0.0007534789619967341,
        "dgm_adapter_seconds_std": 0.00016602093819528818,
        "dgm_ridge_acc_mean": 0.31974999606609344,
        "dgm_ridge_acc_std": 0.028249993920326233,
        "dgm_ridge_seconds_mean": 0.00027837499510496855,
        "dgm_ridge_seconds_std": 8.458155207335949e-06,
        "online_head_acc_mean": 0.11149999871850014,
        "online_head_acc_std": 0.007999997586011887,
        "online_head_seconds_mean": 0.00033658347092568874,
        "online_head_seconds_std": 4.166644066572189e-05,
        "shots": 1.0,
        "tuned_head_acc_mean": 0.35224999487400055,
        "tuned_head_acc_std": 0.016249999403953552,
        "tuned_head_seconds_mean": 0.03426872903946787,
        "tuned_head_seconds_std": 0.0021633958676829934
      },
      "5_shot": {
        "dgm_acc_mean": 0.36025001108646393,
        "dgm_acc_std": 0.004749998450279236,
        "dgm_adapter_seconds_mean": 0.0006056881975382566,
        "dgm_adapter_seconds_std": 3.477092832326889e-05,
        "dgm_ridge_acc_mean": 0.40424999594688416,
        "dgm_ridge_acc_std": 0.01524999737739563,
        "dgm_ridge_seconds_mean": 0.00032329221721738577,
        "dgm_ridge_seconds_std": 2.0125065930187702e-05,
        "online_head_acc_mean": 0.11174999922513962,
        "online_head_acc_std": 0.006750002503395081,
        "online_head_seconds_mean": 0.0002665629144757986,
        "online_head_seconds_std": 2.0646024495363235e-05,
        "shots": 5.0,
        "tuned_head_acc_mean": 0.36525000631809235,
        "tuned_head_acc_std": 0.0052499920129776,
        "tuned_head_seconds_mean": 0.033053520950488746,
        "tuned_head_seconds_std": 0.0009143539937213063
      }
    },
    "support_pool_per_class": 100,
    "test_embed_seconds": 0.05915012490004301,
    "test_per_class": 200
  },
  "MNIST": {
    "dataset": "MNIST",
    "device": "mps",
    "encoder_epochs": 2,
    "encoder_train_seconds": 3.1301640409510583,
    "episodes": 2,
    "pool_embed_seconds": 0.1292210000101477,
    "pretrain_per_class": 200,
    "quick": true,
    "results": {
      "1_shot": {
        "dgm_acc_mean": 0.3647499978542328,
        "dgm_acc_std": 0.011750012636184692,
        "dgm_adapter_seconds_mean": 0.003017604583874345,
        "dgm_adapter_seconds_std": 0.002406312385573983,
        "dgm_ridge_acc_mean": 0.35625000298023224,
        "dgm_ridge_acc_std": 0.015750005841255188,
        "dgm_ridge_seconds_mean": 0.003274188144132495,
        "dgm_ridge_seconds_std": 0.0029521039687097073,
        "online_head_acc_mean": 0.10000000149011612,
        "online_head_acc_std": 0.0,
        "online_head_seconds_mean": 0.001340958522632718,
        "online_head_seconds_std": 0.0010377916041761637,
        "shots": 1.0,
        "tuned_head_acc_mean": 0.2554999887943268,
        "tuned_head_acc_std": 0.0,
        "tuned_head_seconds_mean": 0.03260493709240109,
        "tuned_head_seconds_std": 0.0013754790415987372
      },
      "5_shot": {
        "dgm_acc_mean": 0.47699999809265137,
        "dgm_acc_std": 0.0020000040531158447,
        "dgm_adapter_seconds_mean": 0.000601979554630816,
        "dgm_adapter_seconds_std": 2.414535265415907e-05,
        "dgm_ridge_acc_mean": 0.6232500076293945,
        "dgm_ridge_acc_std": 0.0007500052452087402,
        "dgm_ridge_seconds_mean": 0.001849584048613906,
        "dgm_ridge_seconds_std": 0.0015251250006258488,
        "online_head_acc_mean": 0.10000000149011612,
        "online_head_acc_std": 0.0,
        "online_head_seconds_mean": 0.0002777705667540431,
        "online_head_seconds_std": 7.145456038415432e-06,
        "shots": 5.0,
        "tuned_head_acc_mean": 0.33124999701976776,
        "tuned_head_acc_std": 0.01075001060962677,
        "tuned_head_seconds_mean": 0.036544374423101544,
        "tuned_head_seconds_std": 0.005686208605766296
      }
    },
    "support_pool_per_class": 100,
    "test_embed_seconds": 0.05741958296857774,
    "test_per_class": 200
  },
  "device": "mps",
  "protocol": "Shared frozen encoder. Compare DGM few-shot memory with one-pass and multi-epoch backprop heads on support embeddings."
}