{
  "datasets": {
    "CIFAR10": {
      "backprop": {
        "concepts_mean": 0.0,
        "concepts_std": 0.0,
        "eval_seconds_mean": 0.1378497916739434,
        "eval_seconds_std": 0.01806479868523416,
        "memory_bytes_mean": 0.0,
        "memory_bytes_std": 0.0,
        "memory_examples_seen_mean": 0.0,
        "memory_examples_seen_std": 0.0,
        "test_accuracy_mean": 0.28750000000000003,
        "test_accuracy_std": 0.019091883092036774,
        "test_nll_mean": 1.8865050048828127,
        "test_nll_std": 0.040946443204392065,
        "train_prequential_accuracy_mean": 0.20979166666666668,
        "train_prequential_accuracy_std": 0.0024671452238479116,
        "train_prequential_nll_mean": 2.0715037212371827,
        "train_prequential_nll_std": 0.013507903460742494,
        "train_seconds_mean": 1.3455705832845222,
        "train_seconds_std": 0.10498235119832452
      },
      "dgm_memory": {
        "concepts_mean": 61.333333333333336,
        "concepts_std": 4.988876515698588,
        "eval_seconds_mean": 2.90867020872732,
        "eval_seconds_std": 0.1888489592977246,
        "memory_bytes_mean": 82560.0,
        "memory_bytes_std": 0.0,
        "memory_examples_seen_mean": 8000.0,
        "memory_examples_seen_std": 0.0,
        "test_accuracy_mean": 0.30549999999999994,
        "test_accuracy_std": 0.01612968278258029,
        "test_nll_mean": 1.8290116882324217,
        "test_nll_std": 0.027050363425807696,
        "train_prequential_accuracy_mean": 0.21491666666666664,
        "train_prequential_accuracy_std": 0.012626168812782796,
        "train_prequential_nll_mean": 2.060923560142517,
        "train_prequential_nll_std": 0.01976234088640645,
        "train_seconds_mean": 3.4690582779391357,
        "train_seconds_std": 0.20698872834342522
      },
      "epochs": 1,
      "test_examples": 2000,
      "train_examples": 8000
    },
    "MNIST": {
      "backprop": {
        "concepts_mean": 0.0,
        "concepts_std": 0.0,
        "eval_seconds_mean": 0.1133798750427862,
        "eval_seconds_std": 0.020314522447468144,
        "memory_bytes_mean": 0.0,
        "memory_bytes_std": 0.0,
        "memory_examples_seen_mean": 0.0,
        "memory_examples_seen_std": 0.0,
        "test_accuracy_mean": 0.48833333333333334,
        "test_accuracy_std": 0.03328997179665706,
        "test_nll_mean": 1.6178219807942709,
        "test_nll_std": 0.05530442438013056,
        "train_prequential_accuracy_mean": 0.27177777777777773,
        "train_prequential_accuracy_std": 0.005853668260054174,
        "train_prequential_nll_mean": 2.0072624257405596,
        "train_prequential_nll_std": 0.02067565411870084,
        "train_seconds_mean": 0.8721793886118879,
        "train_seconds_std": 0.1641204843791969
      },
      "dgm_memory": {
        "concepts_mean": 41.0,
        "concepts_std": 9.41629792788369,
        "eval_seconds_mean": 1.7589307503464322,
        "eval_seconds_std": 0.1467535741280822,
        "memory_bytes_mean": 82560.0,
        "memory_bytes_std": 0.0,
        "memory_examples_seen_mean": 6000.0,
        "memory_examples_seen_std": 0.0,
        "test_accuracy_mean": 0.5881666666666666,
        "test_accuracy_std": 0.03240970362235498,
        "test_nll_mean": 1.4098030192057294,
        "test_nll_std": 0.11170709516453209,
        "train_prequential_accuracy_mean": 0.2847777777777778,
        "train_prequential_accuracy_std": 0.010216483896619047,
        "train_prequential_nll_mean": 1.9827006624009875,
        "train_prequential_nll_std": 0.0370672996628212,
        "train_seconds_mean": 2.679408569665005,
        "train_seconds_std": 0.4864033196592366
      },
      "epochs": 1,
      "test_examples": 2000,
      "train_examples": 6000
    }
  },
  "device": "mps",
  "hyperparameters": {
    "batch_size": 256,
    "create_threshold": 0.72,
    "device_requested": "mps",
    "embedding_dim": 128,
    "lr": 0.001,
    "memory_temperature": 0.18,
    "memory_weight": 0.6,
    "slots_per_class": 16,
    "weight_decay": 0.0001
  },
  "mps_available": true,
  "mps_built": true,
  "protocol": "Real supervised training benchmark. Backprop uses a CNN encoder plus softmax head. DGM-memory uses the same slow CNN and head, plus a detached online concept-memory read before each label is observed; concept memory is rebuilt from the training set for test evaluation.",
  "quick": true,
  "runs": [
    {
      "batch_size": 256,
      "concepts": 0,
      "dataset": "MNIST",
      "device": "mps",
      "epochs": 1,
      "eval_seconds": 0.14210229204036295,
      "memory_bytes": 0,
      "memory_examples_seen": 0,
      "method": "backprop",
      "seed": 0,
      "test_accuracy": 0.522,
      "test_examples": 2000,
      "test_nll": 1.6897259979248047,
      "train_examples": 6000,
      "train_prequential_accuracy": 0.2653333333333333,
      "train_prequential_nll": 2.036498634338379,
      "train_seconds": 1.1041401668917388
    },
    {
      "batch_size": 256,
      "concepts": 29,
      "dataset": "MNIST",
      "device": "mps",
      "epochs": 1,
      "eval_seconds": 1.704397500026971,
      "memory_bytes": 82560,
      "memory_examples_seen": 6000,
      "method": "dgm_memory",
      "seed": 0,
      "test_accuracy": 0.5575,
      "test_examples": 2000,
      "test_nll": 1.5677147827148437,
      "train_examples": 6000,
      "train_prequential_accuracy": 0.2705,
      "train_prequential_nll": 2.0349745864868165,
      "train_seconds": 3.2799784170929343
    },
    {
      "batch_size": 256,
      "concepts": 0,
      "dataset": "MNIST",
      "device": "mps",
      "epochs": 1,
      "eval_seconds": 0.09955420810729265,
      "memory_bytes": 0,
      "memory_examples_seen": 0,
      "method": "backprop",
      "seed": 1,
      "test_accuracy": 0.5,
      "test_examples": 2000,
      "test_nll": 1.5552198638916015,
      "train_examples": 6000,
      "train_prequential_accuracy": 0.2795,
      "train_prequential_nll": 1.993040667215983,
      "train_seconds": 0.7631952909287065
    },
    {
      "batch_size": 256,
      "concepts": 52,
      "dataset": "MNIST",
      "device": "mps",
      "epochs": 1,
      "eval_seconds": 1.9596174168400466,
      "memory_bytes": 82560,
      "memory_examples_seen": 6000,
      "method": "dgm_memory",
      "seed": 1,
      "test_accuracy": 0.574,
      "test_examples": 2000,
      "test_nll": 1.3268950653076172,
      "train_examples": 6000,
      "train_prequential_accuracy": 0.29,
      "train_prequential_nll": 1.9531644795735676,
      "train_seconds": 2.6695873748976737
    },
    {
      "batch_size": 256,
      "concepts": 0,
      "dataset": "MNIST",
      "device": "mps",
      "epochs": 1,
      "eval_seconds": 0.098483124980703,
      "memory_bytes": 0,
      "memory_examples_seen": 0,
      "method": "backprop",
      "seed": 2,
      "test_accuracy": 0.443,
      "test_examples": 2000,
      "test_nll": 1.6085200805664062,
      "train_examples": 6000,
      "train_prequential_accuracy": 0.2705,
      "train_prequential_nll": 1.9922479756673177,
      "train_seconds": 0.7492027080152184
    },
    {
      "batch_size": 256,
      "concepts": 42,
      "dataset": "MNIST",
      "device": "mps",
      "epochs": 1,
      "eval_seconds": 1.6127773341722786,
      "memory_bytes": 82560,
      "memory_examples_seen": 6000,
      "method": "dgm_memory",
      "seed": 2,
      "test_accuracy": 0.633,
      "test_examples": 2000,
      "test_nll": 1.3347992095947265,
      "train_examples": 6000,
      "train_prequential_accuracy": 0.29383333333333334,
      "train_prequential_nll": 1.9599629211425782,
      "train_seconds": 2.0886599170044065
    },
    {
      "batch_size": 256,
      "concepts": 0,
      "dataset": "CIFAR10",
      "device": "mps",
      "epochs": 1,
      "eval_seconds": 0.16339679202064872,
      "memory_bytes": 0,
      "memory_examples_seen": 0,
      "method": "backprop",
      "seed": 0,
      "test_accuracy": 0.3145,
      "test_examples": 2000,