{
  "CIFAR10": {
    "dataset": "CIFAR10",
    "device": "cpu",
    "encoder_epochs": 5,
    "encoder_train_seconds": 22.39686358300969,
    "episodes": 2,
    "pool_embed_seconds": 0.344383749878034,
    "pretrain_per_class": 400,
    "quick": true,
    "results": {
      "1_shot": {
        "dgm_acc_mean": 0.32225000858306885,
        "dgm_acc_std": 0.010749995708465576,
        "dgm_adapter_seconds_mean": 0.0006041874876245856,
        "dgm_adapter_seconds_std": 9.06874192878604e-05,
        "dgm_ridge_acc_mean": 0.3317500054836273,
        "dgm_ridge_acc_std": 0.008749991655349731,
        "dgm_ridge_seconds_mean": 0.0003084584604948759,
        "dgm_ridge_seconds_std": 2.9000453650951385e-05,
        "online_head_acc_mean": 0.11275000125169754,
        "online_head_acc_std": 0.013250000774860382,
        "online_head_seconds_mean": 0.0003670623991638422,
        "online_head_seconds_std": 4.9979425966739655e-05,
        "shots": 1.0,
        "tuned_head_acc_mean": 0.3477500081062317,
        "tuned_head_acc_std": 0.007750004529953003,
        "tuned_head_seconds_mean": 0.03259795799385756,
        "tuned_head_seconds_std": 0.0009840830462053418
      },
      "5_shot": {
        "dgm_acc_mean": 0.35474999248981476,
        "dgm_acc_std": 0.004749998450279236,
        "dgm_adapter_seconds_mean": 0.0006322499830275774,
        "dgm_adapter_seconds_std": 2.887495793402195e-05,
        "dgm_ridge_acc_mean": 0.39675000309944153,
        "dgm_ridge_acc_std": 0.010250002145767212,
        "dgm_ridge_seconds_mean": 0.0003646864788606763,
        "dgm_ridge_seconds_std": 2.0437524653971195e-05,
        "online_head_acc_mean": 0.1145000010728836,
        "online_head_acc_std": 0.013999998569488525,
        "online_head_seconds_mean": 0.00031118758488446474,
        "online_head_seconds_std": 1.3312441296875477e-05,
        "shots": 5.0,
        "tuned_head_acc_mean": 0.35850000381469727,
        "tuned_head_acc_std": 0.009000003337860107,
        "tuned_head_seconds_mean": 0.032475999905727804,
        "tuned_head_seconds_std": 0.00038237508852034807
      }
    },
    "support_pool_per_class": 100,
    "test_embed_seconds": 0.6820332920178771,
    "test_per_class": 200
  },
  "MNIST": {
    "dataset": "MNIST",
    "device": "cpu",
    "encoder_epochs": 2,
    "encoder_train_seconds": 3.017115459078923,
    "episodes": 2,
    "pool_embed_seconds": 0.17239420814439654,
    "pretrain_per_class": 200,
    "quick": true,
    "results": {
      "1_shot": {
        "dgm_acc_mean": 0.3632500022649765,
        "dgm_acc_std": 0.006750002503395081,
        "dgm_adapter_seconds_mean": 0.0005882075056433678,
        "dgm_adapter_seconds_std": 2.8374604880809784e-05,
        "dgm_ridge_acc_mean": 0.3554999977350235,
        "dgm_ridge_acc_std": 0.017499998211860657,
        "dgm_ridge_seconds_mean": 0.004155082395300269,
        "dgm_ridge_seconds_std": 0.0038922505918890238,
        "online_head_acc_mean": 0.10000000149011612,
        "online_head_acc_std": 0.0,
        "online_head_seconds_mean": 0.0003002914600074291,
        "online_head_seconds_std": 5.94165176153183e-05,
        "shots": 1.0,
        "tuned_head_acc_mean": 0.2562499940395355,
        "tuned_head_acc_std": 0.0007500052452087402,
        "tuned_head_seconds_mean": 0.03141710441559553,
        "tuned_head_seconds_std": 0.0004521876107901335
      },
      "5_shot": {
        "dgm_acc_mean": 0.4855000078678131,
        "dgm_acc_std": 0.004999995231628418,
        "dgm_adapter_seconds_mean": 0.0005526880268007517,
        "dgm_adapter_seconds_std": 2.956204116344452e-05,
        "dgm_ridge_acc_mean": 0.6232500076293945,
        "dgm_ridge_acc_std": 0.0027499794960021973,
        "dgm_ridge_seconds_mean": 0.0017585210734978318,
        "dgm_ridge_seconds_std": 0.0014758120523765683,
        "online_head_acc_mean": 0.10000000149011612,
        "online_head_acc_std": 0.0,
        "online_head_seconds_mean": 0.00024152046535164118,
        "online_head_seconds_std": 6.062560714781284e-06,
        "shots": 5.0,
        "tuned_head_acc_mean": 0.3322500139474869,
        "tuned_head_acc_std": 0.00925000011920929,
        "tuned_head_seconds_mean": 0.03200966655276716,
        "tuned_head_seconds_std": 0.000423291465267539
      }
    },
    "support_pool_per_class": 100,
    "test_embed_seconds": 0.2923878750298172,
    "test_per_class": 200
  },
  "device": "cpu",
  "protocol": "Shared frozen encoder. Compare DGM few-shot memory with one-pass and multi-epoch backprop heads on support embeddings."
}