{
  "datasets": {
    "CIFAR10": {
      "backprop": {
        "concepts_mean": 0.0,
        "concepts_std": 0.0,
        "eval_seconds_mean": 1.1743328059868265,
        "eval_seconds_std": 0.38271120515964013,
        "memory_bytes_mean": 0.0,
        "memory_bytes_std": 0.0,
        "memory_examples_seen_mean": 0.0,
        "memory_examples_seen_std": 0.0,
        "test_accuracy_mean": 0.4537333349386851,
        "test_accuracy_std": 0.02689168284760313,
        "test_nll_mean": 1.4849694172541301,
        "test_nll_std": 0.05023110679263066,
        "train_prequential_accuracy_mean": 0.3646916647752126,
        "train_prequential_accuracy_std": 0.014977620402933304,
        "train_prequential_nll_mean": 1.6827027797698975,
        "train_prequential_nll_std": 0.028323332129048636,
        "train_seconds_mean": 10.898993014047543,
        "train_seconds_std": 3.8699825658215974
      },
      "epochs": 2,
      "full_dgm": {
        "concepts_mean": 256.0,
        "concepts_std": 0.0,
        "eval_seconds_mean": 26.272895513645683,
        "eval_seconds_std": 1.221009800313357,
        "memory_bytes_mean": 12929280.0,
        "memory_bytes_std": 0.0,
        "memory_examples_seen_mean": 20000.0,
        "memory_examples_seen_std": 0.0,
        "test_accuracy_mean": 0.5077666640281677,
        "test_accuracy_std": 0.007168597552688298,
        "test_nll_mean": 1.3413892984390259,
        "test_nll_std": 0.014769338752436979,
        "train_prequential_accuracy_mean": 0.36958332856496173,
        "train_prequential_accuracy_std": 0.007987287529614202,
        "train_prequential_nll_mean": 1.686556379000346,
        "train_prequential_nll_std": 0.016501263384114936,
        "train_seconds_mean": 46.021433541628845,
        "train_seconds_std": 3.7800406470478767
      },
      "test_examples": 10000,
      "train_examples": 20000
    }
  },
  "device": "mps",
  "hyperparameters": {
    "batch_size": 256,
    "create_threshold": 0.72,
    "device_requested": "mps",
    "embedding_dim": 128,
    "epochs_override": 2,
    "full_dgm_buffer_size": 96,
    "full_dgm_max_concepts": 256,
    "full_dgm_max_splits_per_batch": 4,
    "full_dgm_min_buffer": 32,
    "full_dgm_min_child": 6,
    "full_dgm_split_penalty": 3.0,
    "full_dgm_top_k": 8,
    "lr": 0.001,
    "memory_temperature": 0.18,
    "memory_update": "exact",
    "memory_weight": 0.6,
    "slots_per_class": 16,
    "test_per_class_override": null,
    "train_per_class_override": 2000,
    "weight_decay": 0.0001
  },
  "methods": [
    "backprop",
    "full_dgm"
  ],
  "mps_available": true,
  "mps_built": true,
  "protocol": "Real supervised training benchmark. Backprop uses a CNN encoder plus softmax head. DGM-memory uses the same slow CNN and head, plus a detached online concept-memory read before each label is observed; concept memory is rebuilt from the training set for test evaluation.",
  "quick": false,
  "runs": [
    {
      "batch_size": 256,
      "concepts": 0,
      "dataset": "CIFAR10",
      "device": "mps",
      "epochs": 2,
      "eval_seconds": 0.7882973339874297,
      "memory_bytes": 0,
      "memory_examples_seen": 0,
      "method": "backprop",
      "seed": 0,
      "test_accuracy": 0.47600001096725464,
      "test_examples": 10000,
      "test_nll": 1.4746290445327759,
      "train_examples": 20000,
      "train_prequential_accuracy": 0.38429999351501465,
      "train_prequential_nll": 1.6432790756225586,
      "train_seconds": 7.690408458001912
    },
    {
      "batch_size": 256,
      "concepts": 256,
      "dataset": "CIFAR10",
      "device": "mps",
      "epochs": 2,
      "eval_seconds": 24.97797066695057,
      "memory_bytes": 12929280,
      "memory_examples_seen": 20000,
      "method": "full_dgm",
      "seed": 0,
      "test_accuracy": 0.5160999894142151,
      "test_examples": 10000,
      "test_nll": 1.3267406225204468,
      "train_examples": 20000,
      "train_prequential_accuracy": 0.38087499141693115,
      "train_prequential_nll": 1.6657605171203613,
      "train_seconds": 48.97372195799835
    },
    {
      "batch_size": 256,
      "concepts": 0,
      "dataset": "CIFAR10",
      "device": "mps",
      "epochs": 2,
      "eval_seconds": 1.0388170420192182,
      "memory_bytes": 0,
      "memory_examples_seen": 0,
      "method": "backprop",
      "seed": 1,
      "test_accuracy": 0.4693000018596649,
      "test_examples": 10000,
      "test_nll": 1.429274559020996,
      "train_examples": 20000,
      "train_prequential_accuracy": 0.36182498931884766,
      "train_prequential_nll": 1.6962790489196777,
      "train_seconds": 8.663508417084813
    },
    {
      "batch_size": 256,
      "concepts": 256,
      "dataset": "CIFAR10",
      "device": "mps",
      "epochs": 2,
      "eval_seconds": 25.931078082881868,
      "memory_bytes": 12929280,
      "memory_examples_seen": 20000,
      "method": "full_dgm",
      "seed": 1,
      "test_accuracy": 0.4986000061035156,
      "test_examples": 10000,
      "test_nll": 1.3616079092025757,
      "train_examples": 20000,
      "train_prequential_accuracy": 0.36367499828338623,
      "train_prequential_nll": 1.706124186515808,
      "train_seconds": 40.68574845790863
    },
    {
      "batch_size": 256,
      "concepts": 0,
      "dataset": "CIFAR10",
      "device": "mps",
      "epochs": 2,
      "eval_seconds": 1.695884041953832,
      "memory_bytes": 0,
      "memory_examples_seen": 0,
      "method": "backprop",
      "seed": 2,
      "test_accuracy": 0.41589999198913574,
      "test_examples": 10000,
      "test_nll": 1.5510046482086182,
      "train_examples": 20000,
      "train_prequential_accuracy": 0.3479500114917755,
      "train_prequential_nll": 1.708550214767456,
      "train_seconds": 16.343062167055905
    },
    {
      "batch_size": 256,
      "concepts": 256,
      "dataset": "CIFAR10",
      "device": "mps",
      "epochs": 2,
      "eval_seconds": 27.909637791104615,
      "memory_bytes": 12929280,
      "memory_examples_seen": 20000,
      "method": "full_dgm",
      "seed": 2,
      "test_accuracy": 0.5085999965667725,
      "test_examples": 10000,
      "test_nll": 1.3358193635940552,
      "train_examples": 20000,
      "train_prequential_accuracy": 0.36419999599456787,
      "train_prequential_nll": 1.6877844333648682,
      "train_seconds": 48.40483020897955
    }
  ],
  "seeds": [
    0,
    1,
    2
  ],
  "torch_version": "2.11.0"
}