{
  "datasets": {
    "CIFAR10": {
      "backprop": {
        "concepts_mean": 0.0,
        "concepts_std": 0.0,
        "eval_seconds_mean": 0.1657935696809242,
        "eval_seconds_std": 0.035008801337519733,
        "memory_bytes_mean": 0.0,
        "memory_bytes_std": 0.0,
        "memory_examples_seen_mean": 0.0,
        "memory_examples_seen_std": 0.0,
        "test_accuracy_mean": 0.2618333399295807,
        "test_accuracy_std": 0.017089637729723852,
        "test_nll_mean": 1.9685904184977214,
        "test_nll_std": 0.04617306259574804,
        "train_prequential_accuracy_mean": 0.20608333249886832,
        "train_prequential_accuracy_std": 0.004283363374467738,
        "train_prequential_nll_mean": 2.085447629292806,
        "train_prequential_nll_std": 0.010844348435314921,
        "train_seconds_mean": 1.5929594999955345,
        "train_seconds_std": 0.20279006113952092
      },
      "epochs": 1,
      "full_dgm": {
        "concepts_mean": 119.33333333333333,
        "concepts_std": 0.4714045207910317,
        "eval_seconds_mean": 7.068122249717514,
        "eval_seconds_std": 0.3768455620035315,
        "memory_bytes_mean": 12929280.0,
        "memory_bytes_std": 0.0,
        "memory_examples_seen_mean": 8000.0,
        "memory_examples_seen_std": 0.0,
        "test_accuracy_mean": 0.31099999944369,
        "test_accuracy_std": 0.012456587229988055,
        "test_nll_mean": 1.8180983861287434,
        "test_nll_std": 0.03773248919650178,
        "train_prequential_accuracy_mean": 0.21012499928474426,
        "train_prequential_accuracy_std": 0.003447526245066713,
        "train_prequential_nll_mean": 2.084268569946289,
        "train_prequential_nll_std": 0.0176717879113355,
        "train_seconds_mean": 7.612377958605066,
        "train_seconds_std": 1.5457196020373067
      },
      "test_examples": 2000,
      "train_examples": 8000
    }
  },
  "device": "mps",
  "hyperparameters": {
    "batch_size": 256,
    "create_threshold": 0.72,
    "device_requested": "mps",
    "embedding_dim": 128,
    "epochs_override": null,
    "full_dgm_buffer_size": 96,
    "full_dgm_max_concepts": 256,
    "full_dgm_max_splits_per_batch": 4,
    "full_dgm_min_buffer": 32,
    "full_dgm_min_child": 6,
    "full_dgm_split_penalty": 3.0,
    "full_dgm_top_k": 8,
    "lr": 0.001,
    "memory_temperature": 0.18,
    "memory_update": "exact",
    "memory_weight": 0.6,
    "slots_per_class": 16,
    "test_per_class_override": null,
    "train_per_class_override": null,
    "weight_decay": 0.0001
  },
  "methods": [
    "backprop",
    "full_dgm"
  ],
  "mps_available": true,
  "mps_built": true,
  "protocol": "Real supervised training benchmark. Backprop uses a CNN encoder plus softmax head. DGM-memory uses the same slow CNN and head, plus a detached online concept-memory read before each label is observed; concept memory is rebuilt from the training set for test evaluation.",
  "quick": true,
  "runs": [
    {
      "batch_size": 256,
      "concepts": 0,
      "dataset": "CIFAR10",
      "device": "mps",
      "epochs": 1,
      "eval_seconds": 0.21530187502503395,
      "memory_bytes": 0,
      "memory_examples_seen": 0,
      "method": "backprop",
      "seed": 0,
      "test_accuracy": 0.24950000643730164,
      "test_examples": 2000,
      "test_nll": 2.0234663486480713,
      "train_examples": 8000,
      "train_prequential_accuracy": 0.21199999749660492,
      "train_prequential_nll": 2.074472665786743,
      "train_seconds": 1.8797477919142693
    },
    {
      "batch_size": 256,
      "concepts": 119,
      "dataset": "CIFAR10",
      "device": "mps",
      "epochs": 1,
      "eval_seconds": 7.601030874997377,
      "memory_bytes": 12929280,
      "memory_examples_seen": 8000,
      "method": "full_dgm",
      "seed": 0,
      "test_accuracy": 0.3215000033378601,
      "test_examples": 2000,
      "test_nll": 1.810917615890503,
      "train_examples": 8000,
      "train_prequential_accuracy": 0.20762500166893005,
      "train_prequential_nll": 2.0874080657958984,
      "train_seconds": 9.777168500004336
    },
    {
      "batch_size": 256,
      "concepts": 0,
      "dataset": "CIFAR10",
      "device": "mps",
      "epochs": 1,
      "eval_seconds": 0.14138587494380772,
      "memory_bytes": 0,
      "memory_examples_seen": 0,
      "method": "backprop",
      "seed": 1,
      "test_accuracy": 0.25,
      "test_examples": 2000,
      "test_nll": 1.9718021154403687,
      "train_examples": 8000,
      "train_prequential_accuracy": 0.20200000703334808,
      "train_prequential_nll": 2.1002120971679688,
      "train_seconds": 1.4498300410341471
    },
    {
      "batch_size": 256,
      "concepts": 119,
      "dataset": "CIFAR10",
      "device": "mps",
      "epochs": 1,
      "eval_seconds": 6.796651541022584,
      "memory_bytes": 12929280,
      "memory_examples_seen": 8000,
      "method": "full_dgm",
      "seed": 1,
      "test_accuracy": 0.29350000619888306,
      "test_examples": 2000,
      "test_nll": 1.8674811124801636,
      "train_examples": 8000,
      "train_prequential_accuracy": 0.20774999260902405,
      "train_prequential_nll": 2.104170799255371,
      "train_seconds": 6.792918166844174
    },
    {
      "batch_size": 256,
      "concepts": 0,
      "dataset": "CIFAR10",
      "device": "mps",
      "epochs": 1,
      "eval_seconds": 0.14069295907393098,
      "memory_bytes": 0,
      "memory_examples_seen": 0,
      "method": "backprop",
      "seed": 2,
      "test_accuracy": 0.28600001335144043,
      "test_examples": 2000,
      "test_nll": 1.9105027914047241,
      "train_examples": 8000,
      "train_prequential_accuracy": 0.20424999296665192,
      "train_prequential_nll": 2.081658124923706,
      "train_seconds": 1.4493006670381874
    },
    {
      "batch_size": 256,
      "concepts": 120,
      "dataset": "CIFAR10",
      "device": "mps",
      "epochs": 1,
      "eval_seconds": 6.80668433313258,
      "memory_bytes": 12929280,
      "memory_examples_seen": 8000,
      "method": "full_dgm",
      "seed": 2,
      "test_accuracy": 0.3179999887943268,
      "test_examples": 2000,
      "test_nll": 1.775896430015564,
      "train_examples": 8000,
      "train_prequential_accuracy": 0.2150000035762787,
      "train_prequential_nll": 2.0612268447875977,
      "train_seconds": 6.267047208966687
    }
  ],
  "seeds": [
    0,
    1,
    2
  ],
  "torch_version": "2.11.0"
}