{
  "datasets": {
    "CIFAR10": {
      "backprop": {
        "concepts_mean": 0.0,
        "concepts_std": 0.0,
        "eval_seconds_mean": 1.4708879579945158,
        "eval_seconds_std": 0.15044252843680425,
        "memory_bytes_mean": 0.0,
        "memory_bytes_std": 0.0,
        "memory_examples_seen_mean": 0.0,
        "memory_examples_seen_std": 0.0,
        "test_accuracy_mean": 0.6858,
        "test_accuracy_std": 0.005944745579080739,
        "test_nll_mean": 0.8681619976679484,
        "test_nll_std": 0.002353411970511071,
        "train_prequential_accuracy_mean": 0.571295,
        "train_prequential_accuracy_std": 0.006444180837520528,
        "train_prequential_nll_mean": 1.1710102323150637,
        "train_prequential_nll_std": 0.017686996668447197,
        "train_seconds_mean": 65.91412580533263,
        "train_seconds_std": 5.4880223384903015
      },
      "dgm_memory": {
        "concepts_mean": 160.0,
        "concepts_std": 0.0,
        "eval_seconds_mean": 34.9658270413056,
        "eval_seconds_std": 0.6467072003130699,
        "memory_bytes_mean": 82560.0,
        "memory_bytes_std": 0.0,
        "memory_examples_seen_mean": 50000.0,
        "memory_examples_seen_std": 0.0,
        "test_accuracy_mean": 0.6935000000000001,
        "test_accuracy_std": 0.007574958745762258,
        "test_nll_mean": 0.8529349153836567,
        "test_nll_std": 0.025375794146984865,
        "train_prequential_accuracy_mean": 0.5753533333333334,
        "train_prequential_accuracy_std": 0.005263663700841408,
        "train_prequential_nll_mean": 1.16269237145106,
        "train_prequential_nll_std": 0.01265923249920023,
        "train_seconds_mean": 158.68115606942834,
        "train_seconds_std": 3.3235400407850766
      },
      "epochs": 4,
      "test_examples": 10000,
      "train_examples": 50000
    },
    "MNIST": {
      "backprop": {
        "concepts_mean": 0.0,
        "concepts_std": 0.0,
        "eval_seconds_mean": 0.8347064167416344,
        "eval_seconds_std": 0.14674109836372395,
        "memory_bytes_mean": 0.0,
        "memory_bytes_std": 0.0,
        "memory_examples_seen_mean": 0.0,
        "memory_examples_seen_std": 0.0,
        "test_accuracy_mean": 0.9820333333333334,
        "test_accuracy_std": 0.004506538459714847,
        "test_nll_mean": 0.061823278823494913,
        "test_nll_std": 0.01426363253803575,
        "train_prequential_accuracy_mean": 0.8966444444444445,
        "train_prequential_accuracy_std": 0.0072485290121173124,
        "train_prequential_nll_mean": 0.32464779892630047,
        "train_prequential_nll_std": 0.01916784573729196,
        "train_seconds_mean": 20.573465472708147,
        "train_seconds_std": 0.9793852108670967
      },
      "dgm_memory": {
        "concepts_mean": 102.66666666666667,
        "concepts_std": 15.107025591499546,
        "eval_seconds_mean": 23.746667430658515,
        "eval_seconds_std": 0.5950512018567962,
        "memory_bytes_mean": 82560.0,
        "memory_bytes_std": 0.0,
        "memory_examples_seen_mean": 60000.0,
        "memory_examples_seen_std": 0.0,
        "test_accuracy_mean": 0.9805333333333334,
        "test_accuracy_std": 0.005883498581248696,
        "test_nll_mean": 0.0638107342561086,
        "test_nll_std": 0.01818490305858436,
        "train_prequential_accuracy_mean": 0.9012611111111112,
        "train_prequential_accuracy_std": 0.0065410751088981756,
        "train_prequential_nll_mean": 0.3127917054573695,
        "train_prequential_nll_std": 0.014222725508601722,
        "train_seconds_mean": 69.98995011136867,
        "train_seconds_std": 7.376237033002472
      },
      "epochs": 2,
      "test_examples": 10000,
      "train_examples": 60000
    }
  },
  "device": "mps",
  "hyperparameters": {
    "batch_size": 256,
    "create_threshold": 0.72,
    "device_requested": "mps",
    "embedding_dim": 128,
    "lr": 0.001,
    "memory_temperature": 0.18,
    "memory_weight": 0.6,
    "slots_per_class": 16,
    "weight_decay": 0.0001
  },
  "mps_available": true,
  "mps_built": true,
  "protocol": "Real supervised training benchmark. Backprop uses a CNN encoder plus softmax head. DGM-memory uses the same slow CNN and head, plus a detached online concept-memory read before each label is observed; concept memory is rebuilt from the training set for test evaluation.",
  "quick": false,
  "runs": [
    {
      "batch_size": 256,
      "concepts": 0,
      "dataset": "MNIST",
      "device": "mps",
      "epochs": 2,
      "eval_seconds": 0.778852750081569,
      "memory_bytes": 0,
      "memory_examples_seen": 0,
      "method": "backprop",
      "seed": 0,
      "test_accuracy": 0.9836,
      "test_examples": 10000,
      "test_nll": 0.0561718546718359,
      "train_examples": 60000,
      "train_prequential_accuracy": 0.90145,
      "train_prequential_nll": 0.3153583032608032,
      "train_seconds": 21.23345391708426
    },
    {
      "batch_size": 256,
      "concepts": 121,
      "dataset": "MNIST",
      "device": "mps",
      "epochs": 2,
      "eval_seconds": 24.057026958093047,
      "memory_bytes": 82560,
      "memory_examples_seen": 60000,
      "method": "dgm_memory",
      "seed": 0,
      "test_accuracy": 0.9882,
      "test_examples": 10000,
      "test_nll": 0.03970178151130676,
      "train_examples": 60000,
      "train_prequential_accuracy": 0.9094583333333334,
      "train_prequential_nll": 0.2963274374604225,
      "train_seconds": 65.51494454196654
    },
    {
      "batch_size": 256,
      "concepts": 0,
      "dataset": "MNIST",
      "device": "mps",
      "epochs": 2,
      "eval_seconds": 0.6895445419941097,
      "memory_bytes": 0,
      "memory_examples_seen": 0,
      "method": "backprop",
      "seed": 1,
      "test_accuracy": 0.9866,
      "test_examples": 10000,
      "test_nll": 0.04787928984165191,
      "train_examples": 60000,
      "train_prequential_accuracy": 0.8864,
      "train_prequential_nll": 0.351346762184302,
      "train_seconds": 19.188907583942637
    },
    {
      "batch_size": 256,
      "concepts": 103,
      "dataset": "MNIST",
      "device": "mps",
      "epochs": 2,
      "eval_seconds": 22.914075959008187,
      "memory_bytes": 82560,
      "memory_examples_seen": 60000,
      "method": "dgm_memory",
      "seed": 1,
      "test_accuracy": 0.9795,
      "test_examples": 10000,
      "test_nll": 0.0681124790430069,
      "train_examples": 60000,
      "train_prequential_accuracy": 0.89345,
      "train_prequential_nll": 0.3310300770521164,
      "train_seconds": 64.06693495810032
    },
    {
      "batch_size": 256,
      "concepts": 0,
      "dataset": "MNIST",
      "device": "mps",
      "epochs": 2,
      "eval_seconds": 1.0357219581492245,
      "memory_bytes": 0,
      "memory_examples_seen": 0,
      "method": "backprop",
      "seed": 2,
      "test_accuracy": 0.9759,
      "test_examples": 10000,
      "test_nll": 0.08141869195699691,
      "train_examples": 60000,
      "train_prequential_accuracy": 0.9020833333333333,
      "train_prequential_nll": 0.3072383313337962,
      "train_seconds": 21.29803491709754
    },
    {
      "batch_size": 256,
      "concepts": 84,
      "dataset": "MNIST",
      "device": "mps",
      "epochs": 2,
      "eval_seconds": 24.26889937487431,
      "memory_bytes": 82560,
      "memory_examples_seen": 60000,
      "method": "dgm_memory",
      "seed": 2,
      "test_accuracy": 0.9739,
      "test_examples": 10000,
      "test_nll": 0.08361794221401214,
      "train_examples": 60000,
      "train_prequential_accuracy": 0.900875,
      "train_prequential_nll": 0.31101760185956956,
      "train_seconds": 80.38797083403915
    },
    {
      "batch_size": 256,
      "concepts": 0,
      "dataset": "CIFAR10",
      "device": "mps",
      "epochs": 4,
      "eval_seconds": 1.3646607908885926,
      "memory_bytes": 0,
      "memory_examples_seen": 0,
      "method": "backprop",
      "seed": 0,
      "test_accuracy": 0.6777,
      "test_examples": 10000,