method,prequential_nll_mean,heldout_nll_mean,prequential_accuracy_mean,heldout_accuracy_mean,heldout_brier_mean,atoms_mean,edges_mean,cells_mean,edge_precision_mean,edge_recall_mean,edge_f1_mean,true_edges_mean,false_edges_mean
repair_only,0.697297344163094,0.6941257647616781,0.4994033333333333,0.4982166666666667,0.2504880248695086,100.0,0.0,100.0,,,,,
additive_logistic,0.6993661698807698,0.6964907387094057,0.5030866666666667,0.5082,0.25165006629717845,121.0,0.0,121.0,,,,,
cross_product_memory,0.16934966074565047,0.11519562424991825,0.94769,0.9803166666666666,0.021616722731760456,2000.0,0.0,2000.0,,,,,
crossed_logistic,0.1258706352444059,0.10065612649334814,0.9777500000000001,0.9803166666666666,0.01959897893883683,2001.0,0.0,2001.0,,,,,
cache_200,0.5902742720525935,0.5895171233026237,0.6416733333333332,0.7317,0.20127825193099982,200.0,0.0,200.0,,,,,
cache_500,0.5012969384230023,0.5070140755699544,0.7254333333333333,0.7044333333333335,0.16589584247180905,500.0,0.0,500.0,,,,,
cache_2000,0.3693398240893401,0.3663254459433004,0.8100666666666667,0.8618499999999999,0.11146078926375216,2000.0,0.0,2000.0,,,,,
dgm_hqs,0.23023826193961922,0.0990715321972269,0.8778866666666667,0.9803166666666666,0.01939644252283345,200.0,100.0,200.0,1.0,1.0,1.0,100.0,0.0
oracle_refined,0.108846998712208,0.09875271661153141,0.9783666666666667,0.9803166666666666,0.01938044792024579,200.0,100.0,200.0,,,,,
